{"loss": 0.020325109362602234, "_runtime": 824, "_timestamp": 1616405479, "_step": 1399, "val top-1 acc": 0.8982307314872742, "epoch": 99}