{"loss": 0.027470653876662254, "_runtime": 538, "_timestamp": 1616430813, "_step": 799, "val top-1 acc": 0.8797551989555359, "epoch": 99}