{"loss": 0.4557134509086609, "_runtime": 538, "_timestamp": 1616423727, "_step": 799, "val top-1 acc": 0.1424485743045807, "epoch": 99}