{"loss": 0.17894798517227173, "_runtime": 374, "_timestamp": 1616406010, "_step": 1399, "val top-1 acc": 0.8862190246582031, "epoch": 99}