{"loss": 0.9746063351631165, "_runtime": 405, "_timestamp": 1616420654, "_step": 799, "val top-1 acc": 0.63818359375, "epoch": 99}