{"loss": 0.02872633747756481, "_runtime": 808, "_timestamp": 1616425981, "_step": 1399, "val top-1 acc": 0.9033088684082031, "epoch": 99}