{"loss": 1.771278977394104, "_runtime": 264, "_timestamp": 1616422366, "_step": 799, "val top-1 acc": 0.38728076219558716, "epoch": 99}