{"loss": 0.1081441268324852, "_runtime": 502, "_timestamp": 1616462540, "_step": 799, "val top-1 acc": 0.8883928060531616, "epoch": 99}