{"loss": 1.0371443033218384, "_runtime": 261, "_timestamp": 1616432075, "_step": 799, "val top-1 acc": 0.6766880750656128, "epoch": 99}