{"loss": 0.5893551707267761, "_runtime": 264, "_timestamp": 1616431758, "_step": 799, "val top-1 acc": 0.7975466251373291, "epoch": 99}