{"loss": 0.034772180020809174, "_runtime": 1568, "_timestamp": 1616402090, "_step": 9899, "val top-1 acc": 0.921467125415802}