{"loss": 0.057822901755571365, "_runtime": 500, "_timestamp": 1616465967, "_step": 799, "val top-1 acc": 0.8831652402877808, "epoch": 99}