{"loss": 0.025073278695344925, "_runtime": 811, "_timestamp": 1616424757, "_step": 1399, "val top-1 acc": 0.9029067158699036, "epoch": 99}