{"loss": 0.01548055000603199, "_runtime": 503, "_timestamp": 1616464550, "_step": 799, "val top-1 acc": 0.8856145739555359, "epoch": 99}