{"loss": 0.05136829987168312, "_runtime": 545, "_timestamp": 1616430158, "_step": 799, "val top-1 acc": 0.8871990442276001, "epoch": 99}