{"loss": 0.04866725951433182, "_runtime": 823, "_timestamp": 1616427568, "_step": 1399, "val top-1 acc": 0.9014188647270203, "epoch": 99}