{"loss": 1.6424158811569214, "_runtime": 38, "_timestamp": 1616469580, "_step": 38, "val top-1 acc": 0.19452327489852905, "epoch": 3}