{"loss": 0.8386281132698059, "_runtime": 88, "_timestamp": 1616469630, "_step": 120, "val top-1 acc": 0.6583545804023743, "epoch": 14}