{"loss": 0.24134109914302826, "_runtime": 373, "_timestamp": 1616404268, "_step": 1399, "val top-1 acc": 0.8826745748519897}