{"loss": 0.1219174936413765, "_runtime": 544, "_timestamp": 1616429127, "_step": 799, "val top-1 acc": 0.8928990364074707, "epoch": 99}