{"loss": 0.03128558769822121, "_runtime": 800, "_timestamp": 1616402961, "_step": 9899, "val top-1 acc": 0.9247414469718933}