{"loss": 0.5389872193336487, "_runtime": 266, "_timestamp": 1616431294, "_step": 799, "val top-1 acc": 0.7952606678009033, "epoch": 99}