{"loss": 0.401076078414917, "_runtime": 538, "_timestamp": 1616422019, "_step": 799, "val top-1 acc": 0.802503228187561, "epoch": 99}