{"loss": 0.2736746668815613, "_runtime": 533, "_timestamp": 1616423123, "_step": 799, "val top-1 acc": 0.8294802904129028, "epoch": 99}