{"loss": 0.21356730163097382, "_runtime": 499, "_timestamp": 1616463131, "_step": 799, "val top-1 acc": 0.8370755314826965, "epoch": 99}