{"loss": 1.6982777118682861, "_runtime": 34, "_timestamp": 1616421371, "_step": 33, "val top-1 acc": 0.2205997258424759, "epoch": 1}